,equity
2022-09-10,100000.0
2022-09-11,99931.24794367055
2022-09-12,100496.1015342279
2022-09-13,98269.11377213988
2022-09-14,98671.34085265626
2022-09-15,97431.71868321445
2022-09-16,97054.25610459216
2022-09-17,97767.49933659879
2022-09-18,96153.46326436038
2022-09-19,96848.55342080252
2022-09-20,95993.75117022348
2022-09-21,95289.72031269435
2022-09-22,96493.94607811031
2022-09-23,96751.92295660064
2022-09-24,96498.2717997791
2022-09-25,96096.16520577404
2022-09-26,96879.6503720924
2022-09-27,96557.0154545124
2022-09-28,96841.57736662948
2022-09-29,97060.70485491455
2022-09-30,96790.81555309652
2022-10-01,92597.99262265801
2022-10-02,92200.02959037016
2022-10-03,92907.96420121251
2022-10-04,93655.75887798273
2022-10-05,93529.10477559901
2022-10-06,93286.14851124963
2022-10-07,92950.97716018453
2022-10-08,92711.02281372418
2022-10-09,92838.96353015945
2022-10-10,92334.118055961
2022-10-11,91956.21939546679
2022-10-12,92178.18920904095
2022-10-13,92079.41944715985
2022-10-14,91928.09830223181
2022-10-15,91649.14247904655
2022-10-16,92054.08253276494
2022-10-17,92563.18975907408
2022-10-18,92111.48319553536
2022-10-19,91589.62795931697
2022-10-20,91335.48562796845
2022-10-21,91482.50385301038
2022-10-22,88786.16334368673
2022-10-23,89502.97024343314
2022-10-24,89090.21276380635
2022-10-25,90646.94854112632
2022-10-26,91491.62577778377
2022-10-27,90923.97217928647
2022-10-28,91583.99382637256
2022-10-29,92136.04735603159
2022-10-30,91964.12172455902
2022-10-31,91751.50027614078
2022-11-01,91698.74655357744
2022-11-02,90971.28812959578
2022-11-03,91059.35624097232
2022-11-04,92630.95251853016
2022-11-05,93256.07522706463
2022-11-06,92047.4481363328
2022-11-07,91222.04221677805
2022-11-08,88051.75844782074
2022-11-09,83949.88166552156
2022-11-10,87014.19658439068
2022-11-11,86396.59866152756
2022-11-12,84480.05435235858
2022-11-13,83721.28333942108
2022-11-14,84204.30034353762
2022-11-15,84457.456353862
2022-11-16,84171.64883846008
2022-11-17,83906.45908828753
2022-11-18,83782.27061501137
2022-11-19,83621.06923988898
2022-11-20,82724.61549088261
2022-11-21,82102.425745122
2022-11-22,82755.62228430492
2022-11-23,84227.82425661305
2022-11-24,84452.03469824757
2022-11-25,84149.48062273796
2022-11-26,84211.1566433098
2022-11-27,84122.27837779511
2022-11-28,83549.15913703907
2022-11-29,83893.06786622213
2022-11-30,84997.23891368305
2022-12-01,84509.92684108936
2022-12-02,84771.54753496384
2022-12-03,89122.97830553257
2022-12-04,89651.26124520326
2022-12-05,89529.82312439973
2022-12-06,89883.3504013476
2022-12-07,89172.94579104865
2022-12-08,89707.35749069083
2022-12-09,89514.13118080513
2022-12-10,89522.48851310574
2022-12-11,89419.31000008158
2022-12-12,89464.70993665702
2022-12-13,90238.73201793307
2022-12-14,90351.29520243022
2022-12-15,89870.32697896558
2022-12-16,88116.54429020648
2022-12-17,88435.72272932943
2022-12-18,88347.99093346715
2022-12-19,87838.12870005933
2022-12-20,88543.91672841136
2022-12-21,88395.44873913185
2022-12-22,88232.70897534273
2022-12-23,88224.97856180553
2022-12-24,99590.13103276773
2022-12-25,99533.89181067188
2022-12-26,99566.18143423411
2022-12-27,99222.8997590056
2022-12-28,98043.45863820895
2022-12-29,98078.80332894002
2022-12-30,98230.30244427914
2022-12-31,98252.41230172616
2023-01-01,98333.48520211296
2023-01-02,99470.4055570724
2023-01-03,100929.08137870385
2023-01-04,101350.44246291262
2023-01-05,101288.89052493896
2023-01-06,101531.4032956055
2023-01-07,101239.83507432212
2023-01-08,102212.20833304996
2023-01-09,103611.80498111321
2023-01-10,103772.79721857098
2023-01-11,104407.6137380467
2023-01-12,105156.04967988154
2023-01-13,106664.54032189742
2023-01-14,111645.25431574287
2023-01-15,111107.93264485532
2023-01-16,111643.99915768877
2023-01-17,111326.96150173017
2023-01-18,110039.30694839417
2023-01-19,110667.11544217345
2023-01-20,113648.84457097371
2023-01-21,113183.03678591632
2023-01-22,113022.08537429696
2023-01-23,113153.17386644392
2023-01-24,112056.7011366098
2023-01-25,113263.03750715866
2023-01-26,113099.9076468377
2023-01-27,113111.26317593853
2023-01-28,112788.99284109603
2023-01-29,114312.45829733336
2023-01-30,112750.0904993993
2023-01-31,112981.12090923841
2023-02-01,113916.97920975188
2023-02-02,113562.69512172995
2023-02-03,113828.54992058479
2023-02-04,114940.719458896
2023-02-05,114285.43384619703
2023-02-06,113814.96807219787
2023-02-07,114793.91191236846
2023-02-08,114291.3867398598
2023-02-09,112186.8179450416
2023-02-10,111793.24776603591
2023-02-11,112342.92191488988
2023-02-12,112448.38253525447
2023-02-13,112116.90664598907
2023-02-14,113028.93236059844
2023-02-15,115410.03978275237
2023-02-16,114578.24491809716
2023-02-17,115611.8850990085
2023-02-18,115702.01153903634
2023-02-19,116064.40624205937
2023-02-20,116686.29674404103
2023-02-21,115854.32578982627
2023-02-22,115499.55580465874
2023-02-23,115344.25745273921
2023-02-24,114489.56070807777
2023-02-25,116845.06796498768
2023-02-26,117573.7987391871
2023-02-27,117293.37767854432
2023-02-28,116659.38069186945
2023-03-01,117446.3012490723
2023-03-02,117069.57133247156
2023-03-03,115931.87079399367
2023-03-04,115727.28715167195
2023-03-05,115751.9971590238
2023-03-06,115615.30740963531
2023-03-07,115321.52844582847
2023-03-08,114117.75293955754
2023-03-09,112428.6292449921
2023-03-10,112777.71576523183
2023-03-11,113305.35208510379
2023-03-12,115673.31210600762
2023-03-13,117102.29565107738
2023-03-14,117670.63164288108
2023-03-15,116531.94494828561
2023-03-16,117121.62420014809
2023-03-17,119553.97662764588
2023-03-18,121957.23185748013
2023-03-19,122803.50711802108
2023-03-20,122554.36959588618
2023-03-21,123297.58337799573
2023-03-22,122120.45876628117
2023-03-23,123264.98656234612
2023-03-24,121940.36253101465
2023-03-25,121785.21967340494
2023-03-26,122298.06675083101
2023-03-27,121176.10285948642
2023-03-28,121813.01290758088
2023-03-29,122500.8693649012
2023-03-30,122130.4184505184
2023-03-31,122629.15107294341
2023-04-01,122471.67700273886
2023-04-02,122172.54636576392
2023-04-03,122065.46337853213
2023-04-04,122669.49128380595
2023-04-05,122892.23295400424
2023-04-06,122554.86015756181
2023-04-07,122408.67634668002
2023-04-08,121751.39875441743
2023-04-09,122017.65775163675
2023-04-10,123024.74349861009
2023-04-11,123749.33587209313
2023-04-12,124282.6363402138
2023-04-13,124851.20922930242
2023-04-14,125460.52171875877
2023-04-15,125101.41604753348
2023-04-16,125765.16250137486
2023-04-17,125058.35696937732
2023-04-18,125516.67619015016
2023-04-19,123329.65412276596
2023-04-20,123009.54567484898
2023-04-21,121799.6826407674
2023-04-22,122294.42888816392
2023-04-23,122000.64598729025
2023-04-24,121844.38805635241
2023-04-25,122492.67090321943
2023-04-26,122243.98030663548
2023-04-27,123312.5840697634
2023-04-28,123668.46687867597
2023-04-29,120214.3353547045
2023-04-30,119974.67867614688
2023-05-01,119003.29797318042
2023-05-02,119450.38746833251
2023-05-03,119711.73962258881
2023-05-04,119392.50247497574
2023-05-05,120698.45567447736
2023-05-06,119808.33476554276
2023-05-07,119486.86533663204
2023-05-08,118589.34398716025
2023-05-09,118582.44340319968
2023-05-10,118661.78672507465
2023-05-11,118008.2819372314
2023-05-12,118316.22550649123
2023-05-13,118227.03854165663
2023-05-14,118340.24882780592
2023-05-15,118512.70401196883
2023-05-16,118400.12187603414
2023-05-17,118693.42147101932
2023-05-18,118141.40429336723
2023-05-19,118219.32486738708
2023-05-20,118751.39371106823
2023-05-21,118220.00566092446
2023-05-22,118290.1032062362
2023-05-23,118856.58722926294
2023-05-24,117878.32822906061
2023-05-25,117977.7745257584
2023-05-26,118235.33797896322
2023-05-27,118817.53177315631
2023-05-28,119836.15081972034
2023-05-29,119532.9420447333
2023-05-30,119868.18297452581
2023-05-31,119371.60195550765
2023-06-01,119022.79771287569
2023-06-02,119756.51876529504
2023-06-03,119574.63269727954
2023-06-04,119880.53347194364
2023-06-05,118234.24957971959
2023-06-06,119308.94830567154
2023-06-07,117906.74222435354
2023-06-08,118175.70375196829
2023-06-09,117369.82563596498
2023-06-10,123033.81748190046
2023-06-11,123012.27768437391
2023-06-12,122707.87743346355
2023-06-13,122579.04539299103
2023-06-14,121432.33836032577
2023-06-15,121878.29227744916
2023-06-16,122826.58212418502
2023-06-17,123174.96133195303
2023-06-18,122938.64675394632
2023-06-19,123632.95503388907
2023-06-20,124832.74362720654
2023-06-21,126356.34189918404
2023-06-22,125861.15242678697
2023-06-23,126538.5550067083
2023-06-24,126107.11384450896
2023-06-25,126408.93840783439
2023-06-26,125703.08545318994
2023-06-27,126221.4326303667
2023-06-28,125309.02831453162
2023-06-29,126805.55094230265
2023-06-30,127782.81961929778
2023-07-01,130025.14357227887
2023-07-02,130533.66913063967
2023-07-03,130698.73536881767
2023-07-04,130418.42191248029
2023-07-05,130106.85491627609
2023-07-06,129966.67504445098
2023-07-07,131165.74483849492
2023-07-08,131303.1062750161
2023-07-09,131001.5956878437
2023-07-10,131167.49780098558
2023-07-11,131609.94914997177
2023-07-12,131441.26257744874
2023-07-13,134508.17625355048
2023-07-14,134051.1433682856
2023-07-15,134257.02547246986
2023-07-16,134194.33754545738
2023-07-17,133890.07302520156
2023-07-18,133179.13388993437
2023-07-19,133496.6527015177
2023-07-20,133060.3980757069
2023-07-21,133179.29672500293
2023-07-22,127475.3161101878
2023-07-23,127811.54105218209
2023-07-24,126719.02963061794
2023-07-25,126734.6819972692
2023-07-26,127684.140073874
2023-07-27,127538.0053144488
2023-07-28,127552.19724764179
2023-07-29,127732.01748253102
2023-07-30,127229.4595847942
2023-07-31,126957.20114560137
2023-08-01,127316.5077862363
2023-08-02,126596.75298485208
2023-08-03,126361.25150033619
2023-08-04,126354.49242295368
2023-08-05,126312.0310355141
2023-08-06,126517.6191066746
2023-08-07,126512.01935343817
2023-08-08,127376.28949238828
2023-08-09,127368.34791371269
2023-08-10,127401.43183311902
2023-08-11,127357.90497184984
2023-08-12,123080.80144875136
2023-08-13,122722.64720234043
2023-08-14,123155.37319119705
2023-08-15,122495.08463733167
2023-08-16,121778.77940691871
2023-08-17,119965.28150995495
2023-08-18,119503.8289937755
2023-08-19,119722.25377263583
2023-08-20,119785.61091398988
2023-08-21,119421.96412465902
2023-08-22,118911.48555631495
2023-08-23,119656.70519822219
2023-08-24,119189.79854995564
2023-08-25,118833.12411142954
2023-08-26,118733.70974381536
2023-08-27,118976.27600782024
2023-08-28,118848.05323064596
2023-08-29,120449.04672978517
2023-08-30,119900.91737406777
2023-08-31,118769.96270684071
2023-09-01,118500.50107634134
2023-09-02,119517.90299112187
2023-09-03,119591.53911173825
2023-09-04,119457.0855006412
2023-09-05,119847.21427802686
2023-09-06,119636.35396233379
2023-09-07,120039.24838968847
2023-09-08,119762.07165776385
2023-09-09,119677.88902927584
2023-09-10,119178.6712480194
2023-09-11,118280.83615231351
2023-09-12,118845.37769208412
2023-09-13,119334.5499339204
2023-09-14,119701.73530673735
2023-09-15,119980.98465571566
2023-09-16,119919.96609406624
2023-09-17,119680.59853787982
2023-09-18,120107.61901643073
2023-09-19,120493.28857372957
2023-09-20,120424.93734670561
2023-09-21,119603.64964202385
2023-09-22,119621.67066140888
2023-09-23,131322.49489452312
2023-09-24,131055.54080006084
2023-09-25,131137.8655896761
2023-09-26,130933.19773033677
2023-09-27,131072.87315037573
2023-09-28,132156.22221655733
2023-09-29,132391.31240167696
2023-09-30,133004.88348758128
2023-10-01,135018.719918755
2023-10-02,134196.02775087272
2023-10-03,134195.05950327
2023-10-04,134096.3795595808
2023-10-05,133502.7978148214
2023-10-06,134280.92181893584
2023-10-07,134152.68508412546
2023-10-08,134114.5754456541
2023-10-09,133105.99814522034
2023-10-10,132943.71445910772
2023-10-11,132685.80233165348
2023-10-12,132118.13450558603
2023-10-13,132510.79339038872
2023-10-14,151637.79646057944
2023-10-15,151744.86259955994
2023-10-16,153824.78429981452
2023-10-17,153498.0685983635
2023-10-18,153176.84661358278
2023-10-19,154162.7038392119
2023-10-20,155905.5274142233
2023-10-21,157281.35512415884
2023-10-22,157426.97153394928
2023-10-23,160428.5116548697
2023-10-24,160198.50645878713
2023-10-25,161429.58759117674
2023-10-26,161544.5452191571
2023-10-27,160935.29905728978
2023-10-28,160943.72833583853
2023-10-29,161726.08010265982
2023-10-30,162660.78241961694
2023-10-31,164092.93798603638
2023-11-01,165608.31792278247
2023-11-02,164812.74221772555
2023-11-03,164745.0787973993
2023-11-04,165999.65487828013
2023-11-05,165900.38679663622
2023-11-06,166222.07467628186
2023-11-07,166598.52127179247
2023-11-08,166716.69677697797
2023-11-09,169433.6463131376
2023-11-10,172733.09041191734
2023-11-11,172365.8592667576
2023-11-12,172296.92463272173
2023-11-13,171116.9585287606
2023-11-14,171548.0691298924
2023-11-15,175116.71698299248
2023-11-16,172163.6236282966
2023-11-17,172401.2399543443
2023-11-18,172434.04855623597
2023-11-19,173652.69858016167
2023-11-20,172648.9723889601
2023-11-21,170576.59935023746
2023-11-22,173325.6922490091
2023-11-23,173019.77527441693
2023-11-24,173312.13435375394
2023-11-25,173844.7516671514
2023-11-26,173346.23351645184
2023-11-27,172401.68312049395
2023-11-28,173548.30477392217
2023-11-29,173678.75141541922
2023-11-30,173778.1420688959
2023-12-01,174504.1443386265
2023-12-02,176254.3049119818
2023-12-03,176440.70668364735
2023-12-04,177127.2614875802
2023-12-05,178079.54446852094
2023-12-06,177797.45797964185
2023-12-07,179304.77736769567
2023-12-08,181116.31801148265
2023-12-09,180333.66355382986
2023-12-10,180883.67226539634
2023-12-11,178418.41238492765
2023-12-12,178028.95609384234
2023-12-13,179365.7775690674
2023-12-14,180749.29246339638
2023-12-15,179152.84695276566
